{
  "model_name": "random_forest",
  "model_path": "battery_rul_model_random_forest.joblib",
  "scaler_path": "battery_rul_scaler.joblib",
  "features_path": "battery_rul_features.json",
  "val_mae": 0.05480998553529442,
  "val_rmse": 0.07152302725238242,
  "val_r2": 0.9999286363241028,
  "test_mae": 0.0602892933963336,
  "test_rmse": 0.10130555409870613,
  "test_r2": 0.9998569094107879,
  "n_train": 520,
  "n_val": 112,
  "n_test": 112,
  "n_features": 69,
  "window_hours": 24
}